{
  "project_info": {
    "project_number": "979105474167",
    "firebase_url": "https://chatappandroid-b4f18.firebaseio.com",
    "project_id": "chatappandroid-b4f18",
    "storage_bucket": "chatappandroid-b4f18.appspot.com"
  },
  "client": [
    {
      "client_info": {
        "mobilesdk_app_id": "1:979105474167:android:ea4ef3edb019e5ab",
        "android_client_info": {
          "package_name": "com.rezaabbasi.chatapp"
        }
      },
      "oauth_client": [
        {
          "client_id": "979105474167-u5nt9d3h6qul9mnubqa4hqaiak107kr6.apps.googleusercontent.com",
          "client_type": 3
        }
      ],
      "api_key": [
        {
          "current_key": "AIzaSyCQv118kxD6divD_rESUvXI9ra93Bm4VCc"
        }
      ],
      "services": {
        "appinvite_service": {
          "other_platform_oauth_client": [
            {
              "client_id": "979105474167-u5nt9d3h6qul9mnubqa4hqaiak107kr6.apps.googleusercontent.com",
              "client_type": 3
            }
          ]
        }
      }
    }
  ],
  "configuration_version": "1"
}