[{"id":1,"first_name":"Waverley","last_name":"Ahrend","cars":[{"item":"Silverado 3500"},{"item":"Riviera"},{"item":"F-Series"}]},
{"id":2,"first_name":"Bentlee","last_name":"Besse","cars":[{"item":"4Runner"},{"item":"xB"},{"item":"4000s Quattro"}]},
{"id":3,"first_name":"Mychal","last_name":"Klus","cars":[{"item":"Escalade EXT"},{"item":"Golf"},{"item":"CL-Class"},{"item":"Colorado"},{"item":"Tucson"}]},
{"id":4,"first_name":"Iolande","last_name":"Canaan","cars":[{"item":"Ram Wagon B150"},{"item":"Raider"}]},
{"id":5,"first_name":"Dredi","last_name":"Oxenden","cars":[{"item":"Concorde"},{"item":"Savana"},{"item":"Express"},{"item":"Passat"}]},
{"id":6,"first_name":"Theobald","last_name":"Cail","cars":[{"item":"V70"}]},
{"id":7,"first_name":"Tomasine","last_name":"Olfert","cars":[{"item":"Legacy"},{"item":"Sedona"},{"item":"riolet"},{"item":"Avalon"},{"item":"S-Class"}]},
{"id":8,"first_name":"Garrick","last_name":"Seville","cars":[{"item":"Aerostar"},{"item":"9000"},{"item":"Thunderbird"},{"item":"GTO"}]},
{"id":9,"first_name":"Jane","last_name":"Batrick","cars":[{"item":"SLK-Class"},{"item":"V12 Vantage"},{"item":"Explorer"},{"item":"Ram 1500"},{"item":"SL65 AMG"}]},
{"id":10,"first_name":"Glenine","last_name":"Chidlow","cars":[{"item":"Equinox"}]}]